<?xml version="1.0" encoding="UTF-8"?>
<ApexClass xmlns="http://soap.sforce.com/2006/04/metadata">
    <apiVersion>52.0</apiVersion>
    <packageVersions>
        <majorNumber>234</majorNumber>
        <minorNumber>4</minorNumber>
        <namespace>SBQQ</namespace>
    </packageVersions>
    <packageVersions>
        <majorNumber>234</majorNumber>
        <minorNumber>2</minorNumber>
        <namespace>blng</namespace>
    </packageVersions>
    <status>Active</status>
</ApexClass>
