<?xml version="1.0" encoding="UTF-8"?>
<ApexClass xmlns="http://soap.sforce.com/2006/04/metadata">
    <apiVersion>48.0</apiVersion>
    <packageVersions>
        <majorNumber>238</majorNumber>
        <minorNumber>3</minorNumber>
        <namespace>SBQQ</namespace>
    </packageVersions>
    <packageVersions>
        <majorNumber>2</majorNumber>
        <minorNumber>1</minorNumber>
        <namespace>SFBD</namespace>
    </packageVersions>
    <packageVersions>
        <majorNumber>236</majorNumber>
        <minorNumber>3</minorNumber>
        <namespace>blng</namespace>
    </packageVersions>
    <status>Active</status>
</ApexClass>
