<?xml version="1.0" encoding="UTF-8"?>
<LightningComponentBundle xmlns="http://soap.sforce.com/2006/04/metadata">
    <apiVersion>58.0</apiVersion>
    <isExposed>true</isExposed>
    <targets>
        <target>lightningCommunity__Page</target>
        <target>lightningCommunity__Default</target>
    </targets>
    <targetConfigs>
        <targetConfig targets="lightningCommunity__Default">
            <property
                name="recordId"
                type="String"
                label="Record Id"
                description="Pass the page's record id to the component variable"
                default="{!recordId}" />
        </targetConfig>
    </targetConfigs>
</LightningComponentBundle>