<?xml version="1.0" encoding="UTF-8"?>
<LightningComponentBundle xmlns="http://soap.sforce.com/2006/04/metadata">
    <apiVersion>58.0</apiVersion>
    <isExposed>true</isExposed>
    <masterLabel>Open Record Page Flow Action</masterLabel>
    <description>Component to forward to a record page from flow.</description>
    <targets>
        <target>lightning__FlowScreen</target>
    </targets>
    <targetConfigs>
        <targetConfig targets="lightning__FlowScreen">
            <property
                name="recordId"
                label="Record Id"
                type="String"
                description="Record Id of the record page to which the action should forward."
            />
            <property
                name="target"
                label="Target"
                type="String"
                description="Open the page in the same '_self' or in a new tab '_blank '."
            />
        </targetConfig>
    </targetConfigs>
</LightningComponentBundle>