<?xml version="1.0" encoding="UTF-8" ?>
<LightningComponentBundle xmlns="http://soap.sforce.com/2006/04/metadata">
    <apiVersion>59.0</apiVersion>
    <isExposed>true</isExposed>
    <targets>
        <target>lightning__FlowScreen</target>
    </targets>
    <targetConfigs>
        <targetConfig targets="lightning__FlowScreen">
            <property name="selectedRecord" label="Selected Record" type="String" role="outputOnly"  />
            <property name="contact" label="Contact" type="@salesforce/schema/Contact" />
            <property name="account" label="Account" type="@salesforce/schema/Account" />
        </targetConfig>
    </targetConfigs>

</LightningComponentBundle>
